<?xml version='1.0' encoding='utf-8'?>
<!--
  ~ Hibernate, Relational Persistence for Idiomatic Java
  ~
  ~ License: GNU Lesser General Public License (LGPL), version 2.1 or later.
  ~ See the lgpl.txt file in the root directory or <http://www.gnu.org/licenses/lgpl-2.1.html>.
  -->
<!DOCTYPE hibernate-configuration PUBLIC
        "-//Hibernate/Hibernate Configuration DTD 3.0//EN"
        "http://www.hibernate.org/dtd/hibernate-configuration-3.0.dtd">
        
 <hibernate-configuration>
 	<session-factory>
 		<property name="connection.url">jdbc:mysql://localhost:3306/product</property>
 		<property name="connection.driver_classname">com.mysql.cj.jdbc.Driver</property>
 		<property name="connection.username">root</property>
 		<property name="connection.password">root</property>
 		<property name="show_sql">true</property>
 		<property name="dialect">org.hibernate.dialect.MySQLDialect</property>
 		<property name="hbm2ddl.auto">update</property>
 		<mapping class="com.wipro.model.Product"/>
 		
 		
 		
 	</session-factory>
 
 </hibernate-configuration>